<?xml version="1.0" encoding="UTF-8"?>
<OfficeApp xmlns="http://schemas.microsoft.com/office/appforoffice/1.1"
           xmlns:xsi="http://www.w3.org/2001/XMLSchema-instance"
           xmlns:bt="http://schemas.microsoft.com/office/officeappbasictypes/1.0"
           xmlns:ov="http://schemas.microsoft.com/office/mailappversionoverrides"
           xsi:type="MailApp">

  <Id>9f86bab1-4fb6-4ae6-9ed9-ffc48ea8ae08</Id>
  <Version>1.0.0.0</Version>
  <ProviderName>sonutechsavy</ProviderName>
  <DefaultLocale>en-US</DefaultLocale>
  <DisplayName DefaultValue="Reply All Warning"/>
  <Description DefaultValue="Warns users when replying all to more than 3 recipients."/>
  <IconUrl DefaultValue="https://sonutechsavy.github.io/ReplyAllWarning/images/icon-32.png"/>
  <HighResolutionIconUrl DefaultValue="https://sonutechsavy.github.io/ReplyAllWarning/images/icon-80.png"/>
  <SupportUrl DefaultValue="https://sonutechsavy.github.io/ReplyAllWarning"/>

  <Hosts>
    <Host Name="Mailbox"/>
  </Hosts>

  <Requirements>
    <Sets DefaultMinVersion="1.10">
      <Set Name="Mailbox"/>
    </Sets>
  </Requirements>

  <FormSettings>
    <Form xsi:type="ItemCompose"/>
  </FormSettings>

  <Permissions>ReadWriteItem</Permissions>

  <VersionOverrides xsi:type="VersionOverridesV1_1"
      xmlns="http://schemas.microsoft.com/office/mailappversionoverrides/1.1">

    <Hosts>
      <Host xsi:type="MailHost">
        <DesktopFormFactor>
          <ExtensionPoint xsi:type="LaunchEvent">
            <LaunchEvents>
              <LaunchEvent Type="OnMessageSend" FunctionName="checkRecipientsOnSend"/>
            </LaunchEvents>
            <SendMode>PromptUser</SendMode>
            <SourceLocation resid="Functions.Url"/>
          </ExtensionPoint>
        </DesktopFormFactor>
      </Host>
    </Hosts>

    <Resources>
      <bt:Urls>
        <bt:Url id="Functions.Url" DefaultValue="https://sonutechsavy.github.io/ReplyAllWarning/functions.html"/>
        <bt:Url id="Dialog.Url" DefaultValue="https://sonutechsavy.github.io/ReplyAllWarning/dialog.html"/>
      </bt:Urls>
    </Resources>

    <Runtimes>
      <Runtime resid="Functions.Url" lifetime="long"/>
    </Runtimes>
  </VersionOverrides>
</OfficeApp>
